<?xml version="1.0" encoding="UTF-8"?>

<FLOW VERSION="3.0" CLEANUP="true">

  <!-- nodes -->

<INVOKE SERVICE="Utilities.Services.ServerInfo:getAllAdapterConnections">
</INVOKE>

<INVOKE SERVICE="Utilities.Services.ServerInfo:getAllPollingNotifications">
</INVOKE>

<INVOKE SERVICE="Utilities.Services.ServerInfo:getBrokerName">
</INVOKE>

<INVOKE SERVICE="Utilities.Services.ServerInfo:getwebServiceEndpointList">
</INVOKE>

<INVOKE SERVICE="Utilities.Services.ServerInfo:getServerPath">
</INVOKE>

<INVOKE SERVICE="Utilities.Services.ServerInfo:getPortList">
</INVOKE>
</FLOW>
